Model,Rouge_Scores,Length_of_Summary,Training_Time,TOPSIS_Score,Rank
BERTSumExt,0.75,130,9,0.4871380241427793,4.0
GPT-3,0.82,150,12,0.5128619758572208,2.0
T5,0.78,140,10,0.49299714392243216,3.0
XLNet,0.76,135,11,0.3985085585152366,6.0
BART,0.8,145,8,0.6252325661060131,1.0
Pegasus,0.79,138,13,0.44302481678586786,5.0
